<?xml version="1.0" encoding="UTF-8"?>
<databaseChangeLog
        xmlns="http://www.liquibase.org/xml/ns/dbchangelog"
        xmlns:xsi="http://www.w3.org/2001/XMLSchema-instance"
        xsi:schemaLocation="http://www.liquibase.org/xml/ns/dbchangelog
                      http://www.liquibase.org/xml/ns/dbchangelog/dbchangelog-4.3.xsd"
        objectQuotingStrategy="QUOTE_ONLY_RESERVED_WORDS">
    <changeSet id="1" author="cars">
        <createTable tableName="CAR">
            <column name="ID" type="UUID">
                <constraints nullable="false" primaryKey="true" primaryKeyName="PK_CAR"/>
            </column>
            <column name="DESCRIPTION" type="CLOB"/>
            <column name="REG_NUMBER" type="VARCHAR(255)">
                <constraints nullable="false"/>
            </column>
            <column name="MODEL_ID" type="UUID">
                <constraints nullable="false"/>
            </column>
            <column name="PRICE" type="DECIMAL(19, 2)"/>
        </createTable>
    </changeSet>
    <changeSet id="2" author="cars">
        <createTable tableName="MODEL">
            <column name="ID" type="UUID">
                <constraints nullable="false" primaryKey="true" primaryKeyName="PK_MODEL"/>
            </column>
            <column name="NAME" type="VARCHAR(255)">
                <constraints nullable="false"/>
            </column>
            <column name="RELEASE_YEAR" type="INT"/>
        </createTable>
    </changeSet>
    <changeSet id="3" author="cars">
        <addUniqueConstraint columnNames="NAME" constraintName="UC_MODEL_NAME" tableName="MODEL"/>
    </changeSet>
    <changeSet id="4" author="cars">
        <addForeignKeyConstraint baseColumnNames="MODEL_ID" baseTableName="CAR" constraintName="FK_CAR_ON_MODEL"
                                 referencedColumnNames="ID" referencedTableName="MODEL"/>

        <createIndex indexName="IDX_CAR_MODEL_ID" tableName="CAR">
            <column name="MODEL_ID"/>
        </createIndex>
    </changeSet>
</databaseChangeLog>