[{"bundled":true,"name":"react-native","bower":false,"clientBaseTech":"React Native","generators":[{"name":"app","options":{"dest":{"alias":"d","description":"destination directory"},"model":{"alias":"m","description":"specify path to project model, if given no interactive prompt will be invoked"},"verbose":{"alias":"b","description":"log out additional info about generation process"}},"params":[]}]},{"bundled":true,"name":"react-typescript","bower":false,"clientBaseTech":"React","generators":[{"name":"app","options":{"dest":{"alias":"d","description":"destination directory"},"model":{"alias":"m","description":"specify path to project model, if given no interactive prompt will be invoked"},"verbose":{"alias":"b","description":"log out additional info about generation process"},"answers":{"alias":"a","description":"fulfilled params for generator to avoid interactive input in serialized JSON string"}},"params":[{"code":"menuType","caption":"Menu type","propertyType":"OPTION","defaultValue":"vertical","options":["vertical","horizontal"]}]},{"name":"blank-screen","options":{"dest":{"alias":"d","description":"destination directory"},"model":{"alias":"m","description":"specify path to project model, if given no interactive prompt will be invoked"},"verbose":{"alias":"b","description":"log out additional info about generation process"},"dirShift":{"alias":"s","description":"directory shift for html imports e.g ../../"},"answers":{"alias":"a","description":"fulfilled params for generator to avoid interactive input in serialized JSON string"}},"params":[{"caption":"Component class name","code":"componentName","propertyType":"POLYMER_COMPONENT_NAME","required":true},{"caption":"Menu item","code":"menuItem","propertyType":"MENU_ITEM","required":false}],"description":"Empty screen template.","iconPath":"node_modules/@haulmont/jmix-front-generator/lib/generators/react-typescript/blank-screen/blank.svg"},{"name":"entity-browser","options":{"dest":{"alias":"d","description":"destination directory"},"model":{"alias":"m","description":"specify path to project model, if given no interactive prompt will be invoked"},"verbose":{"alias":"b","description":"log out additional info about generation process"},"dirShift":{"alias":"s","description":"directory shift for html imports e.g ../../"},"answers":{"alias":"a","description":"fulfilled params for generator to avoid interactive input in serialized JSON string"}},"params":[{"code":"entity","caption":"Entity","propertyType":"ENTITY","required":true},{"code":"componentName","caption":"Component name","propertyType":"POLYMER_COMPONENT_NAME","defaultValue":"List","required":true},{"caption":"Menu item","code":"menuItem","propertyType":"MENU_ITEM","required":false},{"code":"browserType","caption":"Browser type","propertyType":"OPTION","defaultValue":"Cards","required":true,"options":["table","cards","list"]},{"code":"query","caption":"GraphQL query for entity browser","propertyType":"GRAPHQL_QUERY","relatedProperty":"entity","required":true}],"description":"Read-only set of entities displayed as table, cards or list.","iconPath":"node_modules/@haulmont/jmix-front-generator/lib/generators/react-typescript/entity-browser/entity-browser.svg"},{"name":"entity-cards","options":{"dest":{"alias":"d","description":"destination directory"},"model":{"alias":"m","description":"specify path to project model, if given no interactive prompt will be invoked"},"verbose":{"alias":"b","description":"log out additional info about generation process"},"dirShift":{"alias":"s","description":"directory shift for html imports e.g ../../"},"answers":{"alias":"a","description":"fulfilled params for generator to avoid interactive input in serialized JSON string"}},"params":[{"caption":"Entity","code":"entity","propertyType":"ENTITY","required":true},{"caption":"Component class name","code":"componentName","propertyType":"POLYMER_COMPONENT_NAME","defaultValue":"Cards","required":true},{"code":"query","caption":"GraphQL query","propertyType":"GRAPHQL_QUERY","relatedProperty":"entity","required":true},{"caption":"Menu item","code":"menuItem","propertyType":"MENU_ITEM","required":false}],"description":"Read-only list of entities displayed as cards.","iconPath":"node_modules/@haulmont/jmix-front-generator/lib/generators/react-typescript/entity-cards/entity-cards.svg"},{"name":"entity-cards-grid","options":{"dest":{"alias":"d","description":"destination directory"},"model":{"alias":"m","description":"specify path to project model, if given no interactive prompt will be invoked"},"verbose":{"alias":"b","description":"log out additional info about generation process"},"dirShift":{"alias":"s","description":"directory shift for html imports e.g ../../"},"answers":{"alias":"a","description":"fulfilled params for generator to avoid interactive input in serialized JSON string"}},"params":[{"caption":"Entity","code":"entity","propertyType":"ENTITY","required":true},{"caption":"Component class name","code":"componentName","propertyType":"POLYMER_COMPONENT_NAME","defaultValue":"CardsGrid","required":true},{"caption":"Select the number of cards in a row","code":"cardsInRow","propertyType":"OPTION","required":true,"options":["2 columns","3 columns","4 columns"]},{"code":"query","caption":"GraphQL query","propertyType":"GRAPHQL_QUERY","relatedProperty":"entity","required":true},{"caption":"Menu item","code":"menuItem","propertyType":"MENU_ITEM","required":false}],"description":"Read-only list of entities displayed as a grid with 2, 3 or 4 columns in a row.","iconPath":"node_modules/@haulmont/jmix-front-generator/lib/generators/react-typescript/entity-cards-grid/entity-cards-grid.svg"},{"name":"entity-editor","options":{"dest":{"alias":"d","description":"destination directory"},"model":{"alias":"m","description":"specify path to project model, if given no interactive prompt will be invoked"},"verbose":{"alias":"b","description":"log out additional info about generation process"},"dirShift":{"alias":"s","description":"directory shift for html imports e.g ../../"},"answers":{"alias":"a","description":"fulfilled params for generator to avoid interactive input in serialized JSON string"}},"params":[{"code":"entity","caption":"Entity","propertyType":"ENTITY","required":true},{"code":"componentName","caption":"Edit component name","propertyType":"POLYMER_COMPONENT_NAME","defaultValue":"Edit","required":true},{"code":"query","caption":"GraphQL query for entity editor","propertyType":"GRAPHQL_QUERY","relatedProperty":"entity","required":true},{"caption":"Menu item","code":"menuItem","propertyType":"MENU_ITEM","required":false}],"description":"Standard entity editor screen with a form and action buttons.","iconPath":"node_modules/@haulmont/jmix-front-generator/lib/generators/react-typescript/entity-editor/entity-editor.svg"},{"name":"entity-management","options":{"dest":{"alias":"d","description":"destination directory"},"model":{"alias":"m","description":"specify path to project model, if given no interactive prompt will be invoked"},"verbose":{"alias":"b","description":"log out additional info about generation process"},"dirShift":{"alias":"s","description":"directory shift for html imports e.g ../../"},"answers":{"alias":"a","description":"fulfilled params for generator to avoid interactive input in serialized JSON string"}},"params":[{"code":"entity","caption":"Entity","propertyType":"ENTITY","required":true},{"code":"editorComponentName","caption":"Editor component name","propertyType":"POLYMER_COMPONENT_NAME","defaultValue":"Editor","required":true},{"code":"editorQuery","caption":"GraphQL query for entity editor","propertyType":"GRAPHQL_QUERY","relatedProperty":"entity","required":true},{"code":"browserComponentName","caption":"Browser component name","propertyType":"POLYMER_COMPONENT_NAME","defaultValue":"List","required":true},{"code":"browserType","caption":"Browser type","propertyType":"OPTION","defaultValue":"Cards","required":true,"options":["table","cards","list"]},{"code":"browserQuery","caption":"GraphQL query for entity browser","propertyType":"GRAPHQL_QUERY","relatedProperty":"entity","required":true},{"caption":"Menu item","code":"menuItem","propertyType":"MENU_ITEM","required":false}],"description":"Standard entity editor and browser screens created at once. The best choice for CRUD operations.","iconPath":"node_modules/@haulmont/jmix-front-generator/lib/generators/react-typescript/entity-management/entity-management.svg"},{"name":"entity-master-detail","options":{"dest":{"alias":"d","description":"destination directory"},"model":{"alias":"m","description":"specify path to project model, if given no interactive prompt will be invoked"},"verbose":{"alias":"b","description":"log out additional info about generation process"},"dirShift":{"alias":"s","description":"directory shift for html imports e.g ../../"},"answers":{"alias":"a","description":"fulfilled params for generator to avoid interactive input in serialized JSON string"}},"params":[{"code":"entity","caption":"Entity","propertyType":"ENTITY","required":true},{"code":"masterDetailComponentName","caption":"Master Detail component name","propertyType":"POLYMER_COMPONENT_NAME","defaultValue":"MasterDetail","required":true},{"code":"editorComponentName","caption":"Editor component name","propertyType":"POLYMER_COMPONENT_NAME","defaultValue":"Editor","required":true},{"code":"editorQuery","caption":"GraphQL query for entity editor","propertyType":"GRAPHQL_QUERY","relatedProperty":"entity","required":true},{"code":"browserComponentName","caption":"Browser component name","propertyType":"POLYMER_COMPONENT_NAME","defaultValue":"List","required":true},{"code":"browserQuery","caption":"GraphQL query for entity browser","propertyType":"GRAPHQL_QUERY","relatedProperty":"entity","required":true},{"caption":"Menu item","code":"menuItem","propertyType":"MENU_ITEM","required":false}],"description":"Combined screen with entity table on the left and a form on the right hand side.","iconPath":"node_modules/@haulmont/jmix-front-generator/lib/generators/react-typescript/entity-master-detail/master-detail.svg"},{"name":"structure","options":{"dest":{"alias":"d","description":"destination directory"},"model":{"alias":"m","description":"specify path to project model, if given no interactive prompt will be invoked"},"verbose":{"alias":"b","description":"log out additional info about generation process"},"dirShift":{"alias":"s","description":"directory shift for html imports e.g ../../"},"answers":{"alias":"a","description":"fulfilled params for generator to avoid interactive input in serialized JSON string"}},"params":[{"caption":"Component class name","code":"componentName","propertyType":"POLYMER_COMPONENT_NAME","required":true},{"caption":"Select structure type","code":"structureType","required":true,"propertyType":"OPTION","options":["Two columns","Two columns with 1:3 proportion","Two columns with 3:1 proportion","Four columns"]},{"caption":"Menu item","code":"menuItem","propertyType":"MENU_ITEM","required":false}],"description":"Layout with several columns. Proportions and amount of columns are configurable upon creation.","iconPath":"node_modules/@haulmont/jmix-front-generator/lib/generators/react-typescript/structure/structure.svg"}]},{"bundled":true,"name":"sdk","bower":false,"clientBaseTech":"Typescript","generators":[{"name":"all","options":{"dest":{"alias":"d","description":"destination directory"},"model":{"alias":"m","description":"specify path to project model, if given no interactive prompt will be invoked"},"verbose":{"alias":"b","description":"log out additional info about generation process"}},"params":[]},{"name":"model","options":{"dest":{"alias":"d","description":"destination directory"},"model":{"alias":"m","description":"specify path to project model, if given no interactive prompt will be invoked"},"verbose":{"alias":"b","description":"log out additional info about generation process"}},"params":[]}]}]