{"project":{"name":"cars","namespace":"","locales":[{"code":"en","language":"English","dataFormats":{}}],"restClientId":"client","restClientSecret":"secret"},"entities":[{"name":"Car","className":"Car","packageName":"com.company.cars.entity","dataStore":"main","table":"CAR","embeddable":false,"persistentEntity":true,"replaceParent":false,"systemLevel":false,"mappedSuperclass":false,"fqn":"com.company.cars.entity.Car","idAttributeName":"id","attributes":[{"name":"id","type":{"packageName":"java.util","className":"UUID","fqn":"java.util.UUID","label":"UUID"},"mappingType":"DATATYPE","readOnly":false,"column":"ID","mandatory":true,"unique":false,"length":"255","transient":false,"traitAttribute":"uuid"},{"name":"description","type":{"packageName":"java.lang","className":"String","fqn":"java.lang.String","label":"String"},"mappingType":"DATATYPE","readOnly":false,"column":"DESCRIPTION","mandatory":false,"unique":false,"transient":false},{"name":"regNumber","type":{"packageName":"java.lang","className":"String","fqn":"java.lang.String","label":"String"},"mappingType":"DATATYPE","readOnly":false,"column":"REG_NUMBER","mandatory":true,"unique":false,"length":"255","transient":false},{"name":"model","type":{"packageName":"com.company.cars.entity","className":"Model","fqn":"com.company.cars.entity.Model","label":"Model","entityName":"Model"},"mappingType":"ASSOCIATION","cardinality":"MANY_TO_ONE","readOnly":false,"column":"MODEL_ID","mandatory":true,"unique":false,"length":"255","transient":false},{"name":"price","type":{"packageName":"java.math","className":"BigDecimal","fqn":"java.math.BigDecimal","label":"BigDecimal"},"mappingType":"DATATYPE","readOnly":false,"column":"PRICE","mandatory":false,"unique":false,"length":"255","transient":false}]},{"name":"Model","className":"Model","packageName":"com.company.cars.entity","dataStore":"main","table":"MODEL","embeddable":false,"persistentEntity":true,"replaceParent":false,"systemLevel":false,"mappedSuperclass":false,"fqn":"com.company.cars.entity.Model","idAttributeName":"id","attributes":[{"name":"id","type":{"packageName":"java.util","className":"UUID","fqn":"java.util.UUID","label":"UUID"},"mappingType":"DATATYPE","readOnly":false,"column":"ID","mandatory":true,"unique":false,"length":"255","transient":false,"traitAttribute":"uuid"},{"name":"name","type":{"packageName":"java.lang","className":"String","fqn":"java.lang.String","label":"String"},"mappingType":"DATATYPE","readOnly":false,"column":"NAME","mandatory":true,"unique":true,"length":"255","transient":false,"beanValidationRules":[{"name":"Length","min":4}]},{"name":"releaseYear","type":{"packageName":"java.lang","className":"Integer","fqn":"java.lang.Integer","label":"Integer"},"mappingType":"DATATYPE","readOnly":false,"column":"RELEASE_YEAR","mandatory":false,"unique":false,"length":"255","transient":false,"beanValidationRules":[{"name":"Max","value":2021},{"name":"Min","value":1900}]}]},{"name":"User","className":"User","packageName":"com.company.cars.entity","dataStore":"main","table":"USER_","embeddable":false,"persistentEntity":true,"replaceParent":false,"systemLevel":false,"mappedSuperclass":false,"fqn":"com.company.cars.entity.User","idAttributeName":"id","attributes":[{"name":"id","type":{"packageName":"java.util","className":"UUID","fqn":"java.util.UUID","label":"UUID"},"mappingType":"DATATYPE","readOnly":false,"column":"ID","mandatory":true,"unique":false,"length":"255","transient":false,"traitAttribute":"uuid"},{"name":"version","type":{"packageName":"java.lang","className":"Integer","fqn":"java.lang.Integer","label":"Integer"},"mappingType":"DATATYPE","readOnly":false,"column":"VERSION","mandatory":true,"unique":false,"length":"255","transient":false,"traitAttribute":"version"},{"name":"username","type":{"packageName":"java.lang","className":"String","fqn":"java.lang.String","label":"String"},"mappingType":"DATATYPE","readOnly":false,"column":"USERNAME","mandatory":true,"unique":false,"length":"255","transient":false},{"name":"password","type":{"packageName":"java.lang","className":"String","fqn":"java.lang.String","label":"String"},"mappingType":"DATATYPE","readOnly":false,"column":"PASSWORD","mandatory":false,"unique":false,"length":"255","transient":false},{"name":"firstName","type":{"packageName":"java.lang","className":"String","fqn":"java.lang.String","label":"String"},"mappingType":"DATATYPE","readOnly":false,"column":"FIRST_NAME","mandatory":false,"unique":false,"length":"255","transient":false},{"name":"lastName","type":{"packageName":"java.lang","className":"String","fqn":"java.lang.String","label":"String"},"mappingType":"DATATYPE","readOnly":false,"column":"LAST_NAME","mandatory":false,"unique":false,"length":"255","transient":false},{"name":"email","type":{"packageName":"java.lang","className":"String","fqn":"java.lang.String","label":"String"},"mappingType":"DATATYPE","readOnly":false,"column":"EMAIL","mandatory":false,"unique":false,"length":"255","transient":false,"beanValidationRules":[{"name":"Email"}]},{"name":"active","type":{"packageName":"java.lang","className":"Boolean","fqn":"java.lang.Boolean","label":"Boolean"},"mappingType":"DATATYPE","readOnly":false,"column":"ACTIVE","mandatory":false,"unique":false,"length":"255","transient":false},{"name":"timeZoneId","type":{"packageName":"java.lang","className":"String","fqn":"java.lang.String","label":"String"},"mappingType":"DATATYPE","readOnly":false,"column":"TIME_ZONE_ID","mandatory":false,"unique":false,"length":"255","transient":false}]}],"enums":[],"baseProjectEntities":[{"name":"sys_KeyValueEntity","className":"KeyValueEntity","packageName":"io.jmix.core.entity","dataStore":"main","embeddable":false,"persistentEntity":false,"replaceParent":false,"systemLevel":true,"mappedSuperclass":false,"fqn":"io.jmix.core.entity.KeyValueEntity","attributes":[{"name":"uuid","type":{"packageName":"java.util","className":"UUID","fqn":"java.util.UUID","label":"UUID"},"mappingType":"DATATYPE","readOnly":true,"column":"uuid","mandatory":false,"unique":false,"length":"255","transient":false},{"name":"properties","type":{"packageName":"java.util.Map<java.lang.String,java.lang","className":"Object>","fqn":"java.util.Map<java.lang.String,java.lang.Object>","label":"Object>"},"mappingType":"DATATYPE","readOnly":true,"column":"properties","mandatory":false,"unique":false,"length":"255","transient":false},{"name":"idName","type":{"packageName":"java.lang","className":"String","fqn":"java.lang.String","label":"String"},"mappingType":"DATATYPE","readOnly":false,"column":"idName","mandatory":false,"unique":false,"length":"255","transient":false},{"name":"metaClass","type":{"packageName":"io.jmix.core.metamodel.model","className":"MetaClass","fqn":"io.jmix.core.metamodel.model.MetaClass","label":"MetaClass"},"mappingType":"DATATYPE","readOnly":true,"column":"metaClass","mandatory":false,"unique":false,"length":"255","transient":false},{"name":"entityEntry","type":{"packageName":"io.jmix.core","className":"EntityEntry","fqn":"io.jmix.core.EntityEntry","label":"EntityEntry"},"mappingType":"DATATYPE","readOnly":true,"column":"entityEntry","mandatory":false,"unique":false,"length":"255","transient":false}]},{"name":"sys_LockDescriptor","className":"LockDescriptor","packageName":"io.jmix.core.pessimisticlocking","dataStore":"main","embeddable":false,"persistentEntity":false,"replaceParent":false,"systemLevel":true,"mappedSuperclass":false,"fqn":"io.jmix.core.pessimisticlocking.LockDescriptor","idAttributeName":"name","attributes":[{"name":"name","type":{"packageName":"java.lang","className":"String","fqn":"java.lang.String","label":"String"},"mappingType":"DATATYPE","readOnly":false,"column":"name","mandatory":true,"unique":false,"length":"255","transient":false},{"name":"timeoutSec","type":{"packageName":"java.lang","className":"Integer","fqn":"java.lang.Integer","label":"Integer"},"mappingType":"DATATYPE","readOnly":false,"column":"timeoutSec","mandatory":true,"unique":false,"length":"255","transient":false}]},{"name":"sys_LockInfo","className":"LockInfo","packageName":"io.jmix.core.pessimisticlocking","dataStore":"main","embeddable":false,"persistentEntity":false,"replaceParent":false,"systemLevel":true,"mappedSuperclass":false,"fqn":"io.jmix.core.pessimisticlocking.LockInfo","idAttributeName":"id","attributes":[{"name":"id","type":{"packageName":"java.util","className":"UUID","fqn":"java.util.UUID","label":"UUID"},"mappingType":"DATATYPE","readOnly":false,"column":"id","mandatory":true,"unique":false,"length":"255","transient":false,"traitAttribute":"uuid"}]},{"name":"data_ReferenceToEntity","className":"ReferenceToEntity","packageName":"io.jmix.data.entity","dataStore":"main","embeddable":true,"persistentEntity":false,"replaceParent":false,"systemLevel":true,"mappedSuperclass":false,"fqn":"io.jmix.data.entity.ReferenceToEntity","attributes":[{"name":"entityId","type":{"packageName":"java.util","className":"UUID","fqn":"java.util.UUID","label":"UUID"},"mappingType":"DATATYPE","readOnly":false,"column":"ENTITY_ID","mandatory":false,"unique":false,"length":"255","transient":false},{"name":"stringEntityId","type":{"packageName":"java.lang","className":"String","fqn":"java.lang.String","label":"String"},"mappingType":"DATATYPE","readOnly":false,"column":"STRING_ENTITY_ID","mandatory":false,"unique":false,"length":"255","transient":false},{"name":"intEntityId","type":{"packageName":"java.lang","className":"Integer","fqn":"java.lang.Integer","label":"Integer"},"mappingType":"DATATYPE","readOnly":false,"column":"INT_ENTITY_ID","mandatory":false,"unique":false,"length":"255","transient":false},{"name":"longEntityId","type":{"packageName":"java.lang","className":"Long","fqn":"java.lang.Long","label":"Long"},"mappingType":"DATATYPE","readOnly":false,"column":"LONG_ENTITY_ID","mandatory":false,"unique":false,"length":"255","transient":false}]},{"name":"sec_ResourcePolicyEntity","className":"ResourcePolicyEntity","packageName":"io.jmix.securitydata.entity","dataStore":"main","table":"SEC_RESOURCE_POLICY","embeddable":false,"persistentEntity":true,"replaceParent":false,"systemLevel":true,"mappedSuperclass":false,"fqn":"io.jmix.securitydata.entity.ResourcePolicyEntity","idAttributeName":"id","attributes":[{"name":"id","type":{"packageName":"java.util","className":"UUID","fqn":"java.util.UUID","label":"UUID"},"mappingType":"DATATYPE","readOnly":false,"column":"ID","mandatory":true,"unique":false,"length":"255","transient":false,"traitAttribute":"uuid"},{"name":"version","type":{"packageName":"java.lang","className":"Integer","fqn":"java.lang.Integer","label":"Integer"},"mappingType":"DATATYPE","readOnly":false,"column":"VERSION","mandatory":true,"unique":false,"length":"255","transient":false,"traitAttribute":"version"},{"name":"createTs","type":{"packageName":"java.util","className":"Date","fqn":"java.util.Date","label":"Date"},"mappingType":"DATATYPE","readOnly":false,"column":"CREATE_TS","mandatory":false,"unique":false,"length":"255","transient":false,"traitAttribute":"createdDate"},{"name":"createdBy","type":{"packageName":"java.lang","className":"String","fqn":"java.lang.String","label":"String"},"mappingType":"DATATYPE","readOnly":false,"column":"CREATED_BY","mandatory":false,"unique":false,"length":"50","transient":false,"traitAttribute":"createdBy"},{"name":"updateTs","type":{"packageName":"java.util","className":"Date","fqn":"java.util.Date","label":"Date"},"mappingType":"DATATYPE","readOnly":false,"column":"UPDATE_TS","mandatory":false,"unique":false,"length":"255","transient":false,"traitAttribute":"lastModifiedDate"},{"name":"updatedBy","type":{"packageName":"java.lang","className":"String","fqn":"java.lang.String","label":"String"},"mappingType":"DATATYPE","readOnly":false,"column":"UPDATED_BY","mandatory":false,"unique":false,"length":"50","transient":false,"traitAttribute":"lastModifiedBy"},{"name":"deleteTs","type":{"packageName":"java.util","className":"Date","fqn":"java.util.Date","label":"Date"},"mappingType":"DATATYPE","readOnly":false,"column":"DELETE_TS","mandatory":false,"unique":false,"length":"255","transient":false,"traitAttribute":"deletedDate"},{"name":"deletedBy","type":{"packageName":"java.lang","className":"String","fqn":"java.lang.String","label":"String"},"mappingType":"DATATYPE","readOnly":false,"column":"DELETED_BY","mandatory":false,"unique":false,"length":"50","transient":false,"traitAttribute":"deletedBy"},{"name":"type","type":{"packageName":"java.lang","className":"String","fqn":"java.lang.String","label":"String"},"mappingType":"DATATYPE","readOnly":false,"column":"TYPE_","mandatory":true,"unique":false,"length":"255","transient":false,"beanValidationRules":[{"name":"NotNull"}]},{"name":"resource","type":{"packageName":"java.lang","className":"String","fqn":"java.lang.String","label":"String"},"mappingType":"DATATYPE","readOnly":false,"column":"RESOURCE_","mandatory":true,"unique":false,"length":"1000","transient":false,"beanValidationRules":[{"name":"NotNull"}]},{"name":"action","type":{"packageName":"java.lang","className":"String","fqn":"java.lang.String","label":"String"},"mappingType":"DATATYPE","readOnly":false,"column":"ACTION_","mandatory":true,"unique":false,"length":"255","transient":false},{"name":"effect","type":{"packageName":"java.lang","className":"String","fqn":"java.lang.String","label":"String"},"mappingType":"DATATYPE","readOnly":false,"column":"EFFECT","mandatory":true,"unique":false,"length":"255","transient":false},{"name":"policyGroup","type":{"packageName":"java.lang","className":"String","fqn":"java.lang.String","label":"String"},"mappingType":"DATATYPE","readOnly":false,"column":"POLICY_GROUP","mandatory":false,"unique":false,"length":"255","transient":false},{"name":"role","type":{"packageName":"io.jmix.securitydata.entity","className":"ResourceRoleEntity","fqn":"io.jmix.securitydata.entity.ResourceRoleEntity","label":"ResourceRoleEntity","entityName":"sec_ResourceRoleEntity"},"mappingType":"ASSOCIATION","cardinality":"ONE_TO_ONE","readOnly":false,"column":"ROLE_ID","mandatory":true,"unique":false,"length":"255","mappedBy":"","transient":false,"beanValidationRules":[{"name":"NotNull"}]}]},{"name":"sec_ResourceRoleEntity","className":"ResourceRoleEntity","packageName":"io.jmix.securitydata.entity","dataStore":"main","table":"SEC_RESOURCE_ROLE","embeddable":false,"persistentEntity":true,"replaceParent":false,"systemLevel":true,"mappedSuperclass":false,"fqn":"io.jmix.securitydata.entity.ResourceRoleEntity","idAttributeName":"id","attributes":[{"name":"id","type":{"packageName":"java.util","className":"UUID","fqn":"java.util.UUID","label":"UUID"},"mappingType":"DATATYPE","readOnly":false,"column":"ID","mandatory":true,"unique":false,"length":"255","transient":false,"traitAttribute":"uuid"},{"name":"version","type":{"packageName":"java.lang","className":"Integer","fqn":"java.lang.Integer","label":"Integer"},"mappingType":"DATATYPE","readOnly":false,"column":"VERSION","mandatory":true,"unique":false,"length":"255","transient":false,"traitAttribute":"version"},{"name":"createTs","type":{"packageName":"java.util","className":"Date","fqn":"java.util.Date","label":"Date"},"mappingType":"DATATYPE","readOnly":false,"column":"CREATE_TS","mandatory":false,"unique":false,"length":"255","transient":false,"traitAttribute":"createdDate"},{"name":"createdBy","type":{"packageName":"java.lang","className":"String","fqn":"java.lang.String","label":"String"},"mappingType":"DATATYPE","readOnly":false,"column":"CREATED_BY","mandatory":false,"unique":false,"length":"50","transient":false,"traitAttribute":"createdBy"},{"name":"updateTs","type":{"packageName":"java.util","className":"Date","fqn":"java.util.Date","label":"Date"},"mappingType":"DATATYPE","readOnly":false,"column":"UPDATE_TS","mandatory":false,"unique":false,"length":"255","transient":false,"traitAttribute":"lastModifiedDate"},{"name":"updatedBy","type":{"packageName":"java.lang","className":"String","fqn":"java.lang.String","label":"String"},"mappingType":"DATATYPE","readOnly":false,"column":"UPDATED_BY","mandatory":false,"unique":false,"length":"50","transient":false,"traitAttribute":"lastModifiedBy"},{"name":"deleteTs","type":{"packageName":"java.util","className":"Date","fqn":"java.util.Date","label":"Date"},"mappingType":"DATATYPE","readOnly":false,"column":"DELETE_TS","mandatory":false,"unique":false,"length":"255","transient":false,"traitAttribute":"deletedDate"},{"name":"deletedBy","type":{"packageName":"java.lang","className":"String","fqn":"java.lang.String","label":"String"},"mappingType":"DATATYPE","readOnly":false,"column":"DELETED_BY","mandatory":false,"unique":false,"length":"50","transient":false,"traitAttribute":"deletedBy"},{"name":"name","type":{"packageName":"java.lang","className":"String","fqn":"java.lang.String","label":"String"},"mappingType":"DATATYPE","readOnly":false,"column":"NAME","mandatory":true,"unique":false,"length":"255","transient":false,"beanValidationRules":[{"name":"NotNull"}]},{"name":"code","type":{"packageName":"java.lang","className":"String","fqn":"java.lang.String","label":"String"},"mappingType":"DATATYPE","readOnly":false,"column":"CODE","mandatory":true,"unique":false,"length":"255","transient":false,"beanValidationRules":[{"name":"NotNull"}]},{"name":"description","type":{"packageName":"java.lang","className":"String","fqn":"java.lang.String","label":"String"},"mappingType":"DATATYPE","readOnly":false,"column":"DESCRIPTION","mandatory":false,"unique":false,"length":"255","transient":false},{"name":"resourcePolicies","type":{"packageName":"io.jmix.securitydata.entity","className":"ResourcePolicyEntity","fqn":"io.jmix.securitydata.entity.ResourcePolicyEntity","label":"ResourcePolicyEntity","entityName":"sec_ResourcePolicyEntity"},"mappingType":"COMPOSITION","cardinality":"ONE_TO_MANY","readOnly":false,"mandatory":false,"unique":false,"mappedBy":"role","transient":false},{"name":"childRoles","type":{"packageName":"java.lang","className":"String","fqn":"java.lang.String","label":"String"},"mappingType":"DATATYPE","readOnly":false,"column":"CHILD_ROLES","mandatory":false,"unique":false,"transient":false},{"name":"scopes","type":{"packageName":"java.lang","className":"String","fqn":"java.lang.String","label":"String"},"mappingType":"DATATYPE","readOnly":false,"column":"SCOPES","mandatory":false,"unique":false,"length":"255","transient":false},{"name":"sysTenantId","type":{"packageName":"java.lang","className":"String","fqn":"java.lang.String","label":"String"},"mappingType":"DATATYPE","readOnly":false,"column":"SYS_TENANT_ID","mandatory":false,"unique":false,"length":"255","transient":false}]},{"name":"sec_RoleAssignmentEntity","className":"RoleAssignmentEntity","packageName":"io.jmix.securitydata.entity","dataStore":"main","table":"SEC_ROLE_ASSIGNMENT","embeddable":false,"persistentEntity":true,"replaceParent":false,"systemLevel":true,"mappedSuperclass":false,"fqn":"io.jmix.securitydata.entity.RoleAssignmentEntity","idAttributeName":"id","attributes":[{"name":"id","type":{"packageName":"java.util","className":"UUID","fqn":"java.util.UUID","label":"UUID"},"mappingType":"DATATYPE","readOnly":false,"column":"ID","mandatory":true,"unique":false,"length":"255","transient":false,"traitAttribute":"uuid"},{"name":"version","type":{"packageName":"java.lang","className":"Integer","fqn":"java.lang.Integer","label":"Integer"},"mappingType":"DATATYPE","readOnly":false,"column":"VERSION","mandatory":true,"unique":false,"length":"255","transient":false,"traitAttribute":"version"},{"name":"createTs","type":{"packageName":"java.util","className":"Date","fqn":"java.util.Date","label":"Date"},"mappingType":"DATATYPE","readOnly":false,"column":"CREATE_TS","mandatory":false,"unique":false,"length":"255","transient":false,"traitAttribute":"createdDate"},{"name":"createdBy","type":{"packageName":"java.lang","className":"String","fqn":"java.lang.String","label":"String"},"mappingType":"DATATYPE","readOnly":false,"column":"CREATED_BY","mandatory":false,"unique":false,"length":"50","transient":false,"traitAttribute":"createdBy"},{"name":"updateTs","type":{"packageName":"java.util","className":"Date","fqn":"java.util.Date","label":"Date"},"mappingType":"DATATYPE","readOnly":false,"column":"UPDATE_TS","mandatory":false,"unique":false,"length":"255","transient":false,"traitAttribute":"lastModifiedDate"},{"name":"updatedBy","type":{"packageName":"java.lang","className":"String","fqn":"java.lang.String","label":"String"},"mappingType":"DATATYPE","readOnly":false,"column":"UPDATED_BY","mandatory":false,"unique":false,"length":"50","transient":false,"traitAttribute":"lastModifiedBy"},{"name":"deleteTs","type":{"packageName":"java.util","className":"Date","fqn":"java.util.Date","label":"Date"},"mappingType":"DATATYPE","readOnly":false,"column":"DELETE_TS","mandatory":false,"unique":false,"length":"255","transient":false,"traitAttribute":"deletedDate"},{"name":"deletedBy","type":{"packageName":"java.lang","className":"String","fqn":"java.lang.String","label":"String"},"mappingType":"DATATYPE","readOnly":false,"column":"DELETED_BY","mandatory":false,"unique":false,"length":"50","transient":false,"traitAttribute":"deletedBy"},{"name":"username","type":{"packageName":"java.lang","className":"String","fqn":"java.lang.String","label":"String"},"mappingType":"DATATYPE","readOnly":false,"column":"USERNAME","mandatory":true,"unique":false,"length":"255","transient":false,"beanValidationRules":[{"name":"NotNull"}]},{"name":"roleCode","type":{"packageName":"java.lang","className":"String","fqn":"java.lang.String","label":"String"},"mappingType":"DATATYPE","readOnly":false,"column":"ROLE_CODE","mandatory":true,"unique":false,"length":"255","transient":false,"beanValidationRules":[{"name":"NotNull"}]},{"name":"roleType","type":{"packageName":"java.lang","className":"String","fqn":"java.lang.String","label":"String"},"mappingType":"DATATYPE","readOnly":false,"column":"ROLE_TYPE","mandatory":true,"unique":false,"length":"255","transient":false,"beanValidationRules":[{"name":"NotNull"}]}]},{"name":"sec_RowLevelPolicyEntity","className":"RowLevelPolicyEntity","packageName":"io.jmix.securitydata.entity","dataStore":"main","table":"SEC_ROW_LEVEL_POLICY","embeddable":false,"persistentEntity":true,"replaceParent":false,"systemLevel":true,"mappedSuperclass":false,"fqn":"io.jmix.securitydata.entity.RowLevelPolicyEntity","idAttributeName":"id","attributes":[{"name":"id","type":{"packageName":"java.util","className":"UUID","fqn":"java.util.UUID","label":"UUID"},"mappingType":"DATATYPE","readOnly":false,"column":"ID","mandatory":true,"unique":false,"length":"255","transient":false,"traitAttribute":"uuid"},{"name":"version","type":{"packageName":"java.lang","className":"Integer","fqn":"java.lang.Integer","label":"Integer"},"mappingType":"DATATYPE","readOnly":false,"column":"VERSION","mandatory":true,"unique":false,"length":"255","transient":false,"traitAttribute":"version"},{"name":"createTs","type":{"packageName":"java.util","className":"Date","fqn":"java.util.Date","label":"Date"},"mappingType":"DATATYPE","readOnly":false,"column":"CREATE_TS","mandatory":false,"unique":false,"length":"255","transient":false,"traitAttribute":"createdDate"},{"name":"createdBy","type":{"packageName":"java.lang","className":"String","fqn":"java.lang.String","label":"String"},"mappingType":"DATATYPE","readOnly":false,"column":"CREATED_BY","mandatory":false,"unique":false,"length":"50","transient":false,"traitAttribute":"createdBy"},{"name":"updateTs","type":{"packageName":"java.util","className":"Date","fqn":"java.util.Date","label":"Date"},"mappingType":"DATATYPE","readOnly":false,"column":"UPDATE_TS","mandatory":false,"unique":false,"length":"255","transient":false,"traitAttribute":"lastModifiedDate"},{"name":"updatedBy","type":{"packageName":"java.lang","className":"String","fqn":"java.lang.String","label":"String"},"mappingType":"DATATYPE","readOnly":false,"column":"UPDATED_BY","mandatory":false,"unique":false,"length":"50","transient":false,"traitAttribute":"lastModifiedBy"},{"name":"deleteTs","type":{"packageName":"java.util","className":"Date","fqn":"java.util.Date","label":"Date"},"mappingType":"DATATYPE","readOnly":false,"column":"DELETE_TS","mandatory":false,"unique":false,"length":"255","transient":false,"traitAttribute":"deletedDate"},{"name":"deletedBy","type":{"packageName":"java.lang","className":"String","fqn":"java.lang.String","label":"String"},"mappingType":"DATATYPE","readOnly":false,"column":"DELETED_BY","mandatory":false,"unique":false,"length":"50","transient":false,"traitAttribute":"deletedBy"},{"name":"type","type":{"packageName":"io.jmix.security.model","className":"RowLevelPolicyType","fqn":"io.jmix.security.model.RowLevelPolicyType","label":"RowLevelPolicyType"},"mappingType":"ENUM","readOnly":false,"column":"TYPE_","mandatory":true,"unique":false,"length":"255","transient":false,"beanValidationRules":[{"name":"NotNull"}]},{"name":"entityName","type":{"packageName":"java.lang","className":"String","fqn":"java.lang.String","label":"String"},"mappingType":"DATATYPE","readOnly":false,"column":"ENTITY_NAME","mandatory":true,"unique":false,"length":"255","transient":false,"beanValidationRules":[{"name":"NotNull"}]},{"name":"action","type":{"packageName":"io.jmix.security.model","className":"RowLevelPolicyAction","fqn":"io.jmix.security.model.RowLevelPolicyAction","label":"RowLevelPolicyAction"},"mappingType":"ENUM","readOnly":false,"column":"ACTION_","mandatory":true,"unique":false,"length":"255","transient":false,"beanValidationRules":[{"name":"NotNull"}]},{"name":"whereClause","type":{"packageName":"java.lang","className":"String","fqn":"java.lang.String","label":"String"},"mappingType":"DATATYPE","readOnly":false,"column":"WHERE_CLAUSE","mandatory":false,"unique":false,"transient":false},{"name":"joinClause","type":{"packageName":"java.lang","className":"String","fqn":"java.lang.String","label":"String"},"mappingType":"DATATYPE","readOnly":false,"column":"JOiN_CLAUSE","mandatory":false,"unique":false,"transient":false},{"name":"script","type":{"packageName":"java.lang","className":"String","fqn":"java.lang.String","label":"String"},"mappingType":"DATATYPE","readOnly":false,"column":"SCRIPT_","mandatory":false,"unique":false,"transient":false},{"name":"role","type":{"packageName":"io.jmix.securitydata.entity","className":"RowLevelRoleEntity","fqn":"io.jmix.securitydata.entity.RowLevelRoleEntity","label":"RowLevelRoleEntity","entityName":"sec_RowLevelRoleEntity"},"mappingType":"ASSOCIATION","cardinality":"ONE_TO_ONE","readOnly":false,"column":"ROLE_ID","mandatory":true,"unique":false,"length":"255","mappedBy":"","transient":false,"beanValidationRules":[{"name":"NotNull"}]}]},{"name":"sec_RowLevelRoleEntity","className":"RowLevelRoleEntity","packageName":"io.jmix.securitydata.entity","dataStore":"main","table":"SEC_ROW_LEVEL_ROLE","embeddable":false,"persistentEntity":true,"replaceParent":false,"systemLevel":true,"mappedSuperclass":false,"fqn":"io.jmix.securitydata.entity.RowLevelRoleEntity","idAttributeName":"id","attributes":[{"name":"id","type":{"packageName":"java.util","className":"UUID","fqn":"java.util.UUID","label":"UUID"},"mappingType":"DATATYPE","readOnly":false,"column":"ID","mandatory":true,"unique":false,"length":"255","transient":false,"traitAttribute":"uuid"},{"name":"version","type":{"packageName":"java.lang","className":"Integer","fqn":"java.lang.Integer","label":"Integer"},"mappingType":"DATATYPE","readOnly":false,"column":"VERSION","mandatory":true,"unique":false,"length":"255","transient":false,"traitAttribute":"version"},{"name":"createTs","type":{"packageName":"java.util","className":"Date","fqn":"java.util.Date","label":"Date"},"mappingType":"DATATYPE","readOnly":false,"column":"CREATE_TS","mandatory":false,"unique":false,"length":"255","transient":false,"traitAttribute":"createdDate"},{"name":"createdBy","type":{"packageName":"java.lang","className":"String","fqn":"java.lang.String","label":"String"},"mappingType":"DATATYPE","readOnly":false,"column":"CREATED_BY","mandatory":false,"unique":false,"length":"50","transient":false,"traitAttribute":"createdBy"},{"name":"updateTs","type":{"packageName":"java.util","className":"Date","fqn":"java.util.Date","label":"Date"},"mappingType":"DATATYPE","readOnly":false,"column":"UPDATE_TS","mandatory":false,"unique":false,"length":"255","transient":false,"traitAttribute":"lastModifiedDate"},{"name":"updatedBy","type":{"packageName":"java.lang","className":"String","fqn":"java.lang.String","label":"String"},"mappingType":"DATATYPE","readOnly":false,"column":"UPDATED_BY","mandatory":false,"unique":false,"length":"50","transient":false,"traitAttribute":"lastModifiedBy"},{"name":"deleteTs","type":{"packageName":"java.util","className":"Date","fqn":"java.util.Date","label":"Date"},"mappingType":"DATATYPE","readOnly":false,"column":"DELETE_TS","mandatory":false,"unique":false,"length":"255","transient":false,"traitAttribute":"deletedDate"},{"name":"deletedBy","type":{"packageName":"java.lang","className":"String","fqn":"java.lang.String","label":"String"},"mappingType":"DATATYPE","readOnly":false,"column":"DELETED_BY","mandatory":false,"unique":false,"length":"50","transient":false,"traitAttribute":"deletedBy"},{"name":"name","type":{"packageName":"java.lang","className":"String","fqn":"java.lang.String","label":"String"},"mappingType":"DATATYPE","readOnly":false,"column":"NAME","mandatory":true,"unique":false,"length":"255","transient":false,"beanValidationRules":[{"name":"NotNull"}]},{"name":"code","type":{"packageName":"java.lang","className":"String","fqn":"java.lang.String","label":"String"},"mappingType":"DATATYPE","readOnly":false,"column":"CODE","mandatory":true,"unique":false,"length":"255","transient":false,"beanValidationRules":[{"name":"NotNull"}]},{"name":"description","type":{"packageName":"java.lang","className":"String","fqn":"java.lang.String","label":"String"},"mappingType":"DATATYPE","readOnly":false,"column":"DESCRIPTION","mandatory":false,"unique":false,"length":"255","transient":false},{"name":"rowLevelPolicies","type":{"packageName":"io.jmix.securitydata.entity","className":"RowLevelPolicyEntity","fqn":"io.jmix.securitydata.entity.RowLevelPolicyEntity","label":"RowLevelPolicyEntity","entityName":"sec_RowLevelPolicyEntity"},"mappingType":"COMPOSITION","cardinality":"ONE_TO_MANY","readOnly":false,"mandatory":false,"unique":false,"mappedBy":"role","transient":false},{"name":"childRoles","type":{"packageName":"java.lang","className":"String","fqn":"java.lang.String","label":"String"},"mappingType":"DATATYPE","readOnly":false,"column":"CHILD_ROLES","mandatory":false,"unique":false,"transient":false},{"name":"sysTenantId","type":{"packageName":"java.lang","className":"String","fqn":"java.lang.String","label":"String"},"mappingType":"DATATYPE","readOnly":false,"column":"SYS_TENANT_ID","mandatory":false,"unique":false,"length":"255","transient":false}]},{"name":"sec_UserSubstitutionEntity","className":"UserSubstitutionEntity","packageName":"io.jmix.securitydata.entity","dataStore":"main","table":"SEC_USER_SUBSTITUTION","embeddable":false,"persistentEntity":true,"replaceParent":false,"systemLevel":true,"mappedSuperclass":false,"fqn":"io.jmix.securitydata.entity.UserSubstitutionEntity","idAttributeName":"id","attributes":[{"name":"id","type":{"packageName":"java.util","className":"UUID","fqn":"java.util.UUID","label":"UUID"},"mappingType":"DATATYPE","readOnly":false,"column":"ID","mandatory":true,"unique":false,"length":"255","transient":false,"traitAttribute":"uuid"},{"name":"version","type":{"packageName":"java.lang","className":"Integer","fqn":"java.lang.Integer","label":"Integer"},"mappingType":"DATATYPE","readOnly":false,"column":"VERSION","mandatory":true,"unique":false,"length":"255","transient":false,"traitAttribute":"version"},{"name":"createTs","type":{"packageName":"java.util","className":"Date","fqn":"java.util.Date","label":"Date"},"mappingType":"DATATYPE","readOnly":false,"column":"CREATE_TS","mandatory":false,"unique":false,"length":"255","transient":false,"traitAttribute":"createdDate"},{"name":"createdBy","type":{"packageName":"java.lang","className":"String","fqn":"java.lang.String","label":"String"},"mappingType":"DATATYPE","readOnly":false,"column":"CREATED_BY","mandatory":false,"unique":false,"length":"50","transient":false,"traitAttribute":"createdBy"},{"name":"updateTs","type":{"packageName":"java.util","className":"Date","fqn":"java.util.Date","label":"Date"},"mappingType":"DATATYPE","readOnly":false,"column":"UPDATE_TS","mandatory":false,"unique":false,"length":"255","transient":false,"traitAttribute":"lastModifiedDate"},{"name":"updatedBy","type":{"packageName":"java.lang","className":"String","fqn":"java.lang.String","label":"String"},"mappingType":"DATATYPE","readOnly":false,"column":"UPDATED_BY","mandatory":false,"unique":false,"length":"50","transient":false,"traitAttribute":"lastModifiedBy"},{"name":"deleteTs","type":{"packageName":"java.util","className":"Date","fqn":"java.util.Date","label":"Date"},"mappingType":"DATATYPE","readOnly":false,"column":"DELETE_TS","mandatory":false,"unique":false,"length":"255","transient":false,"traitAttribute":"deletedDate"},{"name":"deletedBy","type":{"packageName":"java.lang","className":"String","fqn":"java.lang.String","label":"String"},"mappingType":"DATATYPE","readOnly":false,"column":"DELETED_BY","mandatory":false,"unique":false,"length":"50","transient":false,"traitAttribute":"deletedBy"},{"name":"username","type":{"packageName":"java.lang","className":"String","fqn":"java.lang.String","label":"String"},"mappingType":"DATATYPE","readOnly":false,"column":"USERNAME","mandatory":false,"unique":false,"length":"255","transient":false},{"name":"substitutedUsername","type":{"packageName":"java.lang","className":"String","fqn":"java.lang.String","label":"String"},"mappingType":"DATATYPE","readOnly":false,"column":"SUBSTITUTED_USERNAME","mandatory":false,"unique":false,"length":"255","transient":false},{"name":"startDate","type":{"packageName":"java.util","className":"Date","fqn":"java.util.Date","label":"Date"},"mappingType":"DATATYPE","readOnly":false,"column":"START_DATE","mandatory":false,"unique":false,"length":"255","transient":false,"temporalType":"DATE"},{"name":"endDate","type":{"packageName":"java.util","className":"Date","fqn":"java.util.Date","label":"Date"},"mappingType":"DATATYPE","readOnly":false,"column":"END_DATE","mandatory":false,"unique":false,"length":"255","transient":false,"temporalType":"DATE"}]},{"name":"sec_BaseRoleModel","className":"BaseRoleModel","packageName":"io.jmix.securityui.model","dataStore":"main","embeddable":false,"persistentEntity":false,"replaceParent":false,"systemLevel":false,"mappedSuperclass":false,"fqn":"io.jmix.securityui.model.BaseRoleModel","idAttributeName":"id","attributes":[{"name":"id","type":{"packageName":"java.util","className":"UUID","fqn":"java.util.UUID","label":"UUID"},"mappingType":"DATATYPE","readOnly":false,"column":"id","mandatory":true,"unique":false,"length":"255","transient":false,"traitAttribute":"uuid"},{"name":"code","type":{"packageName":"java.lang","className":"String","fqn":"java.lang.String","label":"String"},"mappingType":"DATATYPE","readOnly":false,"column":"code","mandatory":true,"unique":false,"length":"255","transient":false},{"name":"name","type":{"packageName":"java.lang","className":"String","fqn":"java.lang.String","label":"String"},"mappingType":"DATATYPE","readOnly":false,"column":"name","mandatory":true,"unique":false,"length":"255","transient":false},{"name":"description","type":{"packageName":"java.lang","className":"String","fqn":"java.lang.String","label":"String"},"mappingType":"DATATYPE","readOnly":false,"column":"description","mandatory":false,"unique":false,"length":"255","transient":false},{"name":"source","type":{"packageName":"java.lang","className":"String","fqn":"java.lang.String","label":"String"},"mappingType":"DATATYPE","readOnly":false,"column":"source","mandatory":false,"unique":false,"length":"255","transient":false},{"name":"customProperties","type":{"packageName":"java.util.Map<java.lang.String,java.lang","className":"String>","fqn":"java.util.Map<java.lang.String,java.lang.String>","label":"String>"},"mappingType":"DATATYPE","readOnly":false,"column":"customProperties","mandatory":false,"unique":false,"length":"255","transient":false},{"name":"childRoles","type":{"packageName":"java.lang","className":"String","fqn":"java.lang.String","label":"String"},"mappingType":"DATATYPE","readOnly":false,"column":"childRoles","mandatory":false,"unique":false,"length":"255","transient":false},{"name":"tenantId","type":{"packageName":"java.lang","className":"String","fqn":"java.lang.String","label":"String"},"mappingType":"DATATYPE","readOnly":false,"column":"tenantId","mandatory":false,"unique":false,"length":"255","transient":false}]},{"name":"sec_ResourcePolicyModel","className":"ResourcePolicyModel","packageName":"io.jmix.securityui.model","dataStore":"main","embeddable":false,"persistentEntity":false,"replaceParent":false,"systemLevel":false,"mappedSuperclass":false,"fqn":"io.jmix.securityui.model.ResourcePolicyModel","idAttributeName":"id","attributes":[{"name":"id","type":{"packageName":"java.util","className":"UUID","fqn":"java.util.UUID","label":"UUID"},"mappingType":"DATATYPE","readOnly":false,"column":"id","mandatory":true,"unique":false,"length":"255","transient":false,"traitAttribute":"uuid"},{"name":"type","type":{"packageName":"java.lang","className":"String","fqn":"java.lang.String","label":"String"},"mappingType":"DATATYPE","readOnly":false,"column":"type_","mandatory":true,"unique":false,"length":"255","transient":false},{"name":"resource","type":{"packageName":"java.lang","className":"String","fqn":"java.lang.String","label":"String"},"mappingType":"DATATYPE","readOnly":false,"column":"resource_","mandatory":true,"unique":false,"length":"255","transient":false},{"name":"action","type":{"packageName":"java.lang","className":"String","fqn":"java.lang.String","label":"String"},"mappingType":"DATATYPE","readOnly":false,"column":"action_","mandatory":true,"unique":false,"length":"255","transient":false},{"name":"effect","type":{"packageName":"java.lang","className":"String","fqn":"java.lang.String","label":"String"},"mappingType":"DATATYPE","readOnly":false,"column":"effect","mandatory":false,"unique":false,"length":"255","transient":false},{"name":"scope","type":{"packageName":"java.lang","className":"String","fqn":"java.lang.String","label":"String"},"mappingType":"DATATYPE","readOnly":false,"column":"scope_","mandatory":false,"unique":false,"length":"255","transient":false},{"name":"policyGroup","type":{"packageName":"java.lang","className":"String","fqn":"java.lang.String","label":"String"},"mappingType":"DATATYPE","readOnly":false,"column":"policyGroup","mandatory":false,"unique":false,"length":"255","transient":false},{"name":"customProperties","type":{"packageName":"java.util.Map<java.lang.String,java.lang","className":"String>","fqn":"java.util.Map<java.lang.String,java.lang.String>","label":"String>"},"mappingType":"DATATYPE","readOnly":false,"column":"customProperties","mandatory":false,"unique":false,"length":"255","transient":false}]},{"name":"sec_ResourceRoleModel","className":"ResourceRoleModel","packageName":"io.jmix.securityui.model","dataStore":"main","embeddable":false,"persistentEntity":false,"replaceParent":false,"systemLevel":false,"mappedSuperclass":false,"fqn":"io.jmix.securityui.model.ResourceRoleModel","parentPackage":"io.jmix.securityui.model","parentClassName":"BaseRoleModel","idAttributeName":"id","attributes":[{"name":"resourcePolicies","type":{"packageName":"io.jmix.securityui.model","className":"ResourcePolicyModel","fqn":"io.jmix.securityui.model.ResourcePolicyModel","label":"ResourcePolicyModel","entityName":"sec_ResourcePolicyModel"},"mappingType":"COMPOSITION","cardinality":"ONE_TO_MANY","readOnly":false,"mandatory":false,"unique":false,"length":"255","transient":false},{"name":"scopes","type":{"packageName":"java.lang","className":"String","fqn":"java.lang.String","label":"String"},"mappingType":"DATATYPE","readOnly":false,"column":"scopes","mandatory":false,"unique":false,"length":"255","transient":false}]},{"name":"sec_RowLevelPolicyModel","className":"RowLevelPolicyModel","packageName":"io.jmix.securityui.model","dataStore":"main","embeddable":false,"persistentEntity":false,"replaceParent":false,"systemLevel":false,"mappedSuperclass":false,"fqn":"io.jmix.securityui.model.RowLevelPolicyModel","idAttributeName":"id","attributes":[{"name":"id","type":{"packageName":"java.util","className":"UUID","fqn":"java.util.UUID","label":"UUID"},"mappingType":"DATATYPE","readOnly":false,"column":"id","mandatory":true,"unique":false,"length":"255","transient":false,"traitAttribute":"uuid"},{"name":"type","type":{"packageName":"io.jmix.security.model","className":"RowLevelPolicyType","fqn":"io.jmix.security.model.RowLevelPolicyType","label":"RowLevelPolicyType"},"mappingType":"ENUM","readOnly":false,"column":"type_","mandatory":true,"unique":false,"length":"255","transient":false},{"name":"action","type":{"packageName":"io.jmix.security.model","className":"RowLevelPolicyAction","fqn":"io.jmix.security.model.RowLevelPolicyAction","label":"RowLevelPolicyAction"},"mappingType":"ENUM","readOnly":false,"column":"action_","mandatory":true,"unique":false,"length":"255","transient":false},{"name":"entityName","type":{"packageName":"java.lang","className":"String","fqn":"java.lang.String","label":"String"},"mappingType":"DATATYPE","readOnly":false,"column":"entityName","mandatory":true,"unique":false,"length":"255","transient":false},{"name":"whereClause","type":{"packageName":"java.lang","className":"String","fqn":"java.lang.String","label":"String"},"mappingType":"DATATYPE","readOnly":false,"column":"whereClause","mandatory":false,"unique":false,"length":"255","transient":false},{"name":"joinClause","type":{"packageName":"java.lang","className":"String","fqn":"java.lang.String","label":"String"},"mappingType":"DATATYPE","readOnly":false,"column":"joinClause","mandatory":false,"unique":false,"length":"255","transient":false},{"name":"script","type":{"packageName":"java.lang","className":"String","fqn":"java.lang.String","label":"String"},"mappingType":"DATATYPE","readOnly":false,"column":"script","mandatory":false,"unique":false,"length":"255","transient":false},{"name":"customProperties","type":{"packageName":"java.util.Map<java.lang.String,java.lang","className":"String>","fqn":"java.util.Map<java.lang.String,java.lang.String>","label":"String>"},"mappingType":"DATATYPE","readOnly":false,"column":"customProperties","mandatory":false,"unique":false,"length":"255","transient":false}]},{"name":"sec_RowLevelRoleModel","className":"RowLevelRoleModel","packageName":"io.jmix.securityui.model","dataStore":"main","embeddable":false,"persistentEntity":false,"replaceParent":false,"systemLevel":false,"mappedSuperclass":false,"fqn":"io.jmix.securityui.model.RowLevelRoleModel","parentPackage":"io.jmix.securityui.model","parentClassName":"BaseRoleModel","idAttributeName":"id","attributes":[{"name":"rowLevelPolicies","type":{"packageName":"io.jmix.securityui.model","className":"RowLevelPolicyModel","fqn":"io.jmix.securityui.model.RowLevelPolicyModel","label":"RowLevelPolicyModel","entityName":"sec_RowLevelPolicyModel"},"mappingType":"COMPOSITION","cardinality":"ONE_TO_MANY","readOnly":false,"mandatory":false,"unique":false,"length":"255","transient":false}]},{"name":"sec_AttributeResourceModel","className":"AttributeResourceModel","packageName":"io.jmix.securityui.screen.resourcepolicy","dataStore":"main","embeddable":false,"persistentEntity":false,"replaceParent":false,"systemLevel":false,"mappedSuperclass":false,"fqn":"io.jmix.securityui.screen.resourcepolicy.AttributeResourceModel","idAttributeName":"id","attributes":[{"name":"id","type":{"packageName":"java.util","className":"UUID","fqn":"java.util.UUID","label":"UUID"},"mappingType":"DATATYPE","readOnly":false,"column":"id","mandatory":true,"unique":false,"length":"255","transient":false,"traitAttribute":"uuid"},{"name":"name","type":{"packageName":"java.lang","className":"String","fqn":"java.lang.String","label":"String"},"mappingType":"DATATYPE","readOnly":false,"column":"name","mandatory":false,"unique":false,"length":"255","transient":false},{"name":"caption","type":{"packageName":"java.lang","className":"String","fqn":"java.lang.String","label":"String"},"mappingType":"DATATYPE","readOnly":false,"column":"caption","mandatory":false,"unique":false,"length":"255","transient":false},{"name":"view","type":{"packageName":"java.lang","className":"Boolean","fqn":"java.lang.Boolean","label":"Boolean"},"mappingType":"DATATYPE","readOnly":false,"column":"view_","mandatory":false,"unique":false,"length":"255","transient":false},{"name":"modify","type":{"packageName":"java.lang","className":"Boolean","fqn":"java.lang.Boolean","label":"Boolean"},"mappingType":"DATATYPE","readOnly":false,"column":"modify_","mandatory":false,"unique":false,"length":"255","transient":false}]},{"name":"ui_ManagedBeanAttribute","className":"ManagedBeanAttribute","packageName":"io.jmix.ui.app.jmxconsole.model","dataStore":"main","embeddable":false,"persistentEntity":false,"replaceParent":false,"systemLevel":true,"mappedSuperclass":false,"fqn":"io.jmix.ui.app.jmxconsole.model.ManagedBeanAttribute","idAttributeName":"id","attributes":[{"name":"id","type":{"packageName":"java.util","className":"UUID","fqn":"java.util.UUID","label":"UUID"},"mappingType":"DATATYPE","readOnly":false,"column":"id","mandatory":false,"unique":false,"length":"255","transient":false,"traitAttribute":"uuid"},{"name":"name","type":{"packageName":"java.lang","className":"String","fqn":"java.lang.String","label":"String"},"mappingType":"DATATYPE","readOnly":false,"column":"name","mandatory":false,"unique":false,"length":"255","transient":false},{"name":"description","type":{"packageName":"java.lang","className":"String","fqn":"java.lang.String","label":"String"},"mappingType":"DATATYPE","readOnly":false,"column":"description","mandatory":false,"unique":false,"length":"255","transient":false},{"name":"type","type":{"packageName":"java.lang","className":"String","fqn":"java.lang.String","label":"String"},"mappingType":"DATATYPE","readOnly":false,"column":"type_","mandatory":false,"unique":false,"length":"255","transient":false},{"name":"readableWriteable","type":{"packageName":"java.lang","className":"String","fqn":"java.lang.String","label":"String"},"mappingType":"DATATYPE","readOnly":false,"column":"readableWriteable","mandatory":false,"unique":false,"length":"255","transient":false},{"name":"readable","type":{"packageName":"java.lang","className":"Boolean","fqn":"java.lang.Boolean","label":"Boolean"},"mappingType":"DATATYPE","readOnly":false,"column":"readable","mandatory":false,"unique":false,"length":"255","transient":false},{"name":"writeable","type":{"packageName":"java.lang","className":"Boolean","fqn":"java.lang.Boolean","label":"Boolean"},"mappingType":"DATATYPE","readOnly":false,"column":"writeable","mandatory":false,"unique":false,"length":"255","transient":false},{"name":"mbean","type":{"packageName":"io.jmix.ui.app.jmxconsole.model","className":"ManagedBeanInfo","fqn":"io.jmix.ui.app.jmxconsole.model.ManagedBeanInfo","label":"ManagedBeanInfo","entityName":"ui_ManagedBeanInfo"},"mappingType":"ASSOCIATION","cardinality":"ONE_TO_ONE","readOnly":false,"mandatory":false,"unique":false,"length":"255","transient":false},{"name":"valueString","type":{"packageName":"java.lang","className":"String","fqn":"java.lang.String","label":"String"},"mappingType":"DATATYPE","readOnly":true,"column":"valueString","mandatory":false,"unique":false,"length":"255","transient":false}]},{"name":"ui_ManagedBeanDomain","className":"ManagedBeanDomain","packageName":"io.jmix.ui.app.jmxconsole.model","dataStore":"main","embeddable":false,"persistentEntity":false,"replaceParent":false,"systemLevel":true,"mappedSuperclass":false,"fqn":"io.jmix.ui.app.jmxconsole.model.ManagedBeanDomain","idAttributeName":"id","attributes":[{"name":"id","type":{"packageName":"java.util","className":"UUID","fqn":"java.util.UUID","label":"UUID"},"mappingType":"DATATYPE","readOnly":false,"column":"id","mandatory":false,"unique":false,"length":"255","transient":false,"traitAttribute":"uuid"},{"name":"name","type":{"packageName":"java.lang","className":"String","fqn":"java.lang.String","label":"String"},"mappingType":"DATATYPE","readOnly":false,"column":"name","mandatory":false,"unique":false,"length":"255","transient":false}]},{"name":"ui_ManagedBeanInfo","className":"ManagedBeanInfo","packageName":"io.jmix.ui.app.jmxconsole.model","dataStore":"main","embeddable":false,"persistentEntity":false,"replaceParent":false,"systemLevel":true,"mappedSuperclass":false,"fqn":"io.jmix.ui.app.jmxconsole.model.ManagedBeanInfo","idAttributeName":"id","attributes":[{"name":"id","type":{"packageName":"java.util","className":"UUID","fqn":"java.util.UUID","label":"UUID"},"mappingType":"DATATYPE","readOnly":false,"column":"id","mandatory":false,"unique":false,"length":"255","transient":false,"traitAttribute":"uuid"},{"name":"className","type":{"packageName":"java.lang","className":"String","fqn":"java.lang.String","label":"String"},"mappingType":"DATATYPE","readOnly":false,"column":"className","mandatory":false,"unique":false,"length":"255","transient":false},{"name":"description","type":{"packageName":"java.lang","className":"String","fqn":"java.lang.String","label":"String"},"mappingType":"DATATYPE","readOnly":false,"column":"description","mandatory":false,"unique":false,"length":"255","transient":false},{"name":"objectName","type":{"packageName":"java.lang","className":"String","fqn":"java.lang.String","label":"String"},"mappingType":"DATATYPE","readOnly":false,"column":"objectName","mandatory":false,"unique":false,"length":"255","transient":false},{"name":"domain","type":{"packageName":"java.lang","className":"String","fqn":"java.lang.String","label":"String"},"mappingType":"DATATYPE","readOnly":false,"column":"domain_","mandatory":false,"unique":false,"length":"255","transient":false},{"name":"propertyList","type":{"packageName":"java.lang","className":"String","fqn":"java.lang.String","label":"String"},"mappingType":"DATATYPE","readOnly":false,"column":"propertyList","mandatory":false,"unique":false,"length":"255","transient":false},{"name":"attributes","type":{"packageName":"io.jmix.ui.app.jmxconsole.model","className":"ManagedBeanAttribute","fqn":"io.jmix.ui.app.jmxconsole.model.ManagedBeanAttribute","label":"ManagedBeanAttribute","entityName":"ui_ManagedBeanAttribute"},"mappingType":"ASSOCIATION","cardinality":"ONE_TO_MANY","readOnly":false,"mandatory":false,"unique":false,"length":"255","transient":false},{"name":"operations","type":{"packageName":"io.jmix.ui.app.jmxconsole.model","className":"ManagedBeanOperation","fqn":"io.jmix.ui.app.jmxconsole.model.ManagedBeanOperation","label":"ManagedBeanOperation","entityName":"ui_ManagedBeanOperation"},"mappingType":"ASSOCIATION","cardinality":"ONE_TO_MANY","readOnly":false,"mandatory":false,"unique":false,"length":"255","transient":false}]},{"name":"ui_ManagedBeanOperation","className":"ManagedBeanOperation","packageName":"io.jmix.ui.app.jmxconsole.model","dataStore":"main","embeddable":false,"persistentEntity":false,"replaceParent":false,"systemLevel":true,"mappedSuperclass":false,"fqn":"io.jmix.ui.app.jmxconsole.model.ManagedBeanOperation","idAttributeName":"id","attributes":[{"name":"id","type":{"packageName":"java.util","className":"UUID","fqn":"java.util.UUID","label":"UUID"},"mappingType":"DATATYPE","readOnly":false,"column":"id","mandatory":false,"unique":false,"length":"255","transient":false,"traitAttribute":"uuid"},{"name":"name","type":{"packageName":"java.lang","className":"String","fqn":"java.lang.String","label":"String"},"mappingType":"DATATYPE","readOnly":false,"column":"name","mandatory":false,"unique":false,"length":"255","transient":false},{"name":"returnType","type":{"packageName":"java.lang","className":"String","fqn":"java.lang.String","label":"String"},"mappingType":"DATATYPE","readOnly":false,"column":"returnType","mandatory":false,"unique":false,"length":"255","transient":false},{"name":"description","type":{"packageName":"java.lang","className":"String","fqn":"java.lang.String","label":"String"},"mappingType":"DATATYPE","readOnly":false,"column":"description","mandatory":false,"unique":false,"length":"255","transient":false},{"name":"timeout","type":{"packageName":"java.lang","className":"Long","fqn":"java.lang.Long","label":"Long"},"mappingType":"DATATYPE","readOnly":false,"column":"timeout","mandatory":false,"unique":false,"length":"255","transient":false},{"name":"mbean","type":{"packageName":"io.jmix.ui.app.jmxconsole.model","className":"ManagedBeanInfo","fqn":"io.jmix.ui.app.jmxconsole.model.ManagedBeanInfo","label":"ManagedBeanInfo","entityName":"ui_ManagedBeanInfo"},"mappingType":"ASSOCIATION","cardinality":"ONE_TO_ONE","readOnly":false,"mandatory":false,"unique":false,"length":"255","transient":false},{"name":"parameters","type":{"packageName":"io.jmix.ui.app.jmxconsole.model","className":"ManagedBeanOperationParameter","fqn":"io.jmix.ui.app.jmxconsole.model.ManagedBeanOperationParameter","label":"ManagedBeanOperationParameter","entityName":"ui_ManagedBeanOperationParameter"},"mappingType":"ASSOCIATION","cardinality":"ONE_TO_MANY","readOnly":false,"mandatory":false,"unique":false,"length":"255","transient":false}]},{"name":"ui_ManagedBeanOperationParameter","className":"ManagedBeanOperationParameter","packageName":"io.jmix.ui.app.jmxconsole.model","dataStore":"main","embeddable":false,"persistentEntity":false,"replaceParent":false,"systemLevel":true,"mappedSuperclass":false,"fqn":"io.jmix.ui.app.jmxconsole.model.ManagedBeanOperationParameter","idAttributeName":"id","attributes":[{"name":"id","type":{"packageName":"java.util","className":"UUID","fqn":"java.util.UUID","label":"UUID"},"mappingType":"DATATYPE","readOnly":false,"column":"id","mandatory":false,"unique":false,"length":"255","transient":false,"traitAttribute":"uuid"},{"name":"name","type":{"packageName":"java.lang","className":"String","fqn":"java.lang.String","label":"String"},"mappingType":"DATATYPE","readOnly":false,"column":"name","mandatory":false,"unique":false,"length":"255","transient":false},{"name":"description","type":{"packageName":"java.lang","className":"String","fqn":"java.lang.String","label":"String"},"mappingType":"DATATYPE","readOnly":false,"column":"description","mandatory":false,"unique":false,"length":"255","transient":false},{"name":"type","type":{"packageName":"java.lang","className":"String","fqn":"java.lang.String","label":"String"},"mappingType":"DATATYPE","readOnly":false,"column":"type_","mandatory":false,"unique":false,"length":"255","transient":false},{"name":"javaType","type":{"packageName":"java.lang","className":"String","fqn":"java.lang.String","label":"String"},"mappingType":"DATATYPE","readOnly":false,"column":"javaType","mandatory":false,"unique":false,"length":"255","transient":false},{"name":"operation","type":{"packageName":"io.jmix.ui.app.jmxconsole.model","className":"ManagedBeanOperation","fqn":"io.jmix.ui.app.jmxconsole.model.ManagedBeanOperation","label":"ManagedBeanOperation","entityName":"ui_ManagedBeanOperation"},"mappingType":"ASSOCIATION","cardinality":"ONE_TO_ONE","readOnly":false,"mandatory":false,"unique":false,"length":"255","transient":false}]},{"name":"ui_AbstractSingleFilterCondition","className":"AbstractSingleFilterCondition","packageName":"io.jmix.ui.entity","dataStore":"main","embeddable":false,"persistentEntity":false,"replaceParent":false,"systemLevel":true,"mappedSuperclass":false,"fqn":"io.jmix.ui.entity.AbstractSingleFilterCondition","parentPackage":"io.jmix.ui.entity","parentClassName":"FilterCondition","attributes":[{"name":"captionPosition","type":{"packageName":"io.jmix.ui.component.SupportsCaptionPosition","className":"CaptionPosition","fqn":"io.jmix.ui.component.SupportsCaptionPosition.CaptionPosition","label":"CaptionPosition"},"mappingType":"ENUM","readOnly":false,"column":"captionPosition","mandatory":false,"unique":false,"length":"255","transient":false},{"name":"valueComponent","type":{"packageName":"io.jmix.ui.entity","className":"FilterValueComponent","fqn":"io.jmix.ui.entity.FilterValueComponent","label":"FilterValueComponent","entityName":"ui_FilterValueComponent"},"mappingType":"ASSOCIATION","cardinality":"ONE_TO_ONE","readOnly":false,"mandatory":false,"unique":false,"length":"255","transient":false},{"name":"required","type":{"packageName":"java.lang","className":"Boolean","fqn":"java.lang.Boolean","label":"Boolean"},"mappingType":"DATATYPE","readOnly":false,"column":"required","mandatory":false,"unique":false,"length":"255","transient":false}]},{"name":"ui_FilterCondition","className":"FilterCondition","packageName":"io.jmix.ui.entity","dataStore":"main","embeddable":false,"persistentEntity":false,"replaceParent":false,"systemLevel":true,"mappedSuperclass":false,"fqn":"io.jmix.ui.entity.FilterCondition","attributes":[{"name":"componentId","type":{"packageName":"java.lang","className":"String","fqn":"java.lang.String","label":"String"},"mappingType":"DATATYPE","readOnly":false,"column":"componentId","mandatory":false,"unique":false,"length":"255","transient":false},{"name":"visible","type":{"packageName":"java.lang","className":"Boolean","fqn":"java.lang.Boolean","label":"Boolean"},"mappingType":"DATATYPE","readOnly":false,"column":"visible","mandatory":false,"unique":false,"length":"255","transient":false},{"name":"enabled","type":{"packageName":"java.lang","className":"Boolean","fqn":"java.lang.Boolean","label":"Boolean"},"mappingType":"DATATYPE","readOnly":false,"column":"enabled","mandatory":false,"unique":false,"length":"255","transient":false},{"name":"caption","type":{"packageName":"java.lang","className":"String","fqn":"java.lang.String","label":"String"},"mappingType":"DATATYPE","readOnly":false,"column":"caption","mandatory":false,"unique":false,"length":"255","transient":false},{"name":"localizedCaption","type":{"packageName":"java.lang","className":"String","fqn":"java.lang.String","label":"String"},"mappingType":"DATATYPE","readOnly":false,"column":"localizedCaption","mandatory":false,"unique":false,"length":"255","transient":false},{"name":"styleName","type":{"packageName":"java.lang","className":"String","fqn":"java.lang.String","label":"String"},"mappingType":"DATATYPE","readOnly":false,"column":"styleName","mandatory":false,"unique":false,"length":"255","transient":false},{"name":"parent","type":{"packageName":"io.jmix.ui.entity","className":"FilterCondition","fqn":"io.jmix.ui.entity.FilterCondition","label":"FilterCondition","entityName":"ui_FilterCondition"},"mappingType":"ASSOCIATION","cardinality":"ONE_TO_ONE","readOnly":false,"mandatory":false,"unique":false,"length":"255","transient":false}]},{"name":"ui_FilterValueComponent","className":"FilterValueComponent","packageName":"io.jmix.ui.entity","dataStore":"main","embeddable":false,"persistentEntity":false,"replaceParent":false,"systemLevel":true,"mappedSuperclass":false,"fqn":"io.jmix.ui.entity.FilterValueComponent","attributes":[{"name":"componentName","type":{"packageName":"java.lang","className":"String","fqn":"java.lang.String","label":"String"},"mappingType":"DATATYPE","readOnly":false,"column":"componentName","mandatory":false,"unique":false,"length":"255","transient":false},{"name":"componentId","type":{"packageName":"java.lang","className":"String","fqn":"java.lang.String","label":"String"},"mappingType":"DATATYPE","readOnly":false,"column":"componentId","mandatory":false,"unique":false,"length":"255","transient":false},{"name":"styleName","type":{"packageName":"java.lang","className":"String","fqn":"java.lang.String","label":"String"},"mappingType":"DATATYPE","readOnly":false,"column":"styleName","mandatory":false,"unique":false,"length":"255","transient":false},{"name":"defaultValue","type":{"packageName":"java.lang","className":"String","fqn":"java.lang.String","label":"String"},"mappingType":"DATATYPE","readOnly":false,"column":"defaultValue","mandatory":false,"unique":false,"length":"255","transient":false}]},{"name":"ui_GroupFilterCondition","className":"GroupFilterCondition","packageName":"io.jmix.ui.entity","dataStore":"main","embeddable":false,"persistentEntity":false,"replaceParent":false,"systemLevel":true,"mappedSuperclass":false,"fqn":"io.jmix.ui.entity.GroupFilterCondition","parentPackage":"io.jmix.ui.entity","parentClassName":"LogicalFilterCondition","attributes":[]},{"name":"ui_HeaderFilterCondition","className":"HeaderFilterCondition","packageName":"io.jmix.ui.entity","dataStore":"main","embeddable":false,"persistentEntity":false,"replaceParent":false,"systemLevel":true,"mappedSuperclass":false,"fqn":"io.jmix.ui.entity.HeaderFilterCondition","parentPackage":"io.jmix.ui.entity","parentClassName":"FilterCondition","attributes":[]},{"name":"ui_JpqlFilterCondition","className":"JpqlFilterCondition","packageName":"io.jmix.ui.entity","dataStore":"main","embeddable":false,"persistentEntity":false,"replaceParent":false,"systemLevel":true,"mappedSuperclass":false,"fqn":"io.jmix.ui.entity.JpqlFilterCondition","parentPackage":"io.jmix.ui.entity","parentClassName":"AbstractSingleFilterCondition","attributes":[{"name":"parameterName","type":{"packageName":"java.lang","className":"String","fqn":"java.lang.String","label":"String"},"mappingType":"DATATYPE","readOnly":false,"column":"parameterName","mandatory":false,"unique":false,"length":"255","transient":false},{"name":"parameterClass","type":{"packageName":"java.lang","className":"String","fqn":"java.lang.String","label":"String"},"mappingType":"DATATYPE","readOnly":false,"column":"parameterClass","mandatory":false,"unique":false,"length":"255","transient":false},{"name":"where","type":{"packageName":"java.lang","className":"String","fqn":"java.lang.String","label":"String"},"mappingType":"DATATYPE","readOnly":false,"column":"where_","mandatory":false,"unique":false,"length":"255","transient":false},{"name":"join","type":{"packageName":"java.lang","className":"String","fqn":"java.lang.String","label":"String"},"mappingType":"DATATYPE","readOnly":false,"column":"join_","mandatory":false,"unique":false,"length":"255","transient":false},{"name":"hasInExpression","type":{"packageName":"java.lang","className":"Boolean","fqn":"java.lang.Boolean","label":"Boolean"},"mappingType":"DATATYPE","readOnly":false,"column":"hasInExpression","mandatory":false,"unique":false,"length":"255","transient":false}]},{"name":"ui_LogicalFilterCondition","className":"LogicalFilterCondition","packageName":"io.jmix.ui.entity","dataStore":"main","embeddable":false,"persistentEntity":false,"replaceParent":false,"systemLevel":true,"mappedSuperclass":false,"fqn":"io.jmix.ui.entity.LogicalFilterCondition","parentPackage":"io.jmix.ui.entity","parentClassName":"FilterCondition","attributes":[{"name":"operation","type":{"packageName":"io.jmix.ui.component.LogicalFilterComponent","className":"Operation","fqn":"io.jmix.ui.component.LogicalFilterComponent.Operation","label":"Operation"},"mappingType":"ENUM","readOnly":false,"column":"operation","mandatory":false,"unique":false,"length":"255","transient":false},{"name":"operationCaptionVisible","type":{"packageName":"java.lang","className":"Boolean","fqn":"java.lang.Boolean","label":"Boolean"},"mappingType":"DATATYPE","readOnly":false,"column":"operationCaptionVisible","mandatory":false,"unique":false,"length":"255","transient":false},{"name":"ownFilterConditions","type":{"packageName":"io.jmix.ui.entity","className":"FilterCondition","fqn":"io.jmix.ui.entity.FilterCondition","label":"FilterCondition","entityName":"ui_FilterCondition"},"mappingType":"ASSOCIATION","cardinality":"ONE_TO_MANY","readOnly":false,"mandatory":false,"unique":false,"length":"255","transient":false}]},{"name":"ui_PropertyFilterCondition","className":"PropertyFilterCondition","packageName":"io.jmix.ui.entity","dataStore":"main","embeddable":false,"persistentEntity":false,"replaceParent":false,"systemLevel":true,"mappedSuperclass":false,"fqn":"io.jmix.ui.entity.PropertyFilterCondition","parentPackage":"io.jmix.ui.entity","parentClassName":"AbstractSingleFilterCondition","attributes":[{"name":"property","type":{"packageName":"java.lang","className":"String","fqn":"java.lang.String","label":"String"},"mappingType":"DATATYPE","readOnly":false,"column":"property","mandatory":false,"unique":false,"length":"255","transient":false},{"name":"parameterName","type":{"packageName":"java.lang","className":"String","fqn":"java.lang.String","label":"String"},"mappingType":"DATATYPE","readOnly":false,"column":"parameterName","mandatory":false,"unique":false,"length":"255","transient":false},{"name":"operation","type":{"packageName":"io.jmix.ui.component.PropertyFilter","className":"Operation","fqn":"io.jmix.ui.component.PropertyFilter.Operation","label":"Operation"},"mappingType":"ENUM","readOnly":false,"column":"operation","mandatory":false,"unique":false,"length":"255","transient":false},{"name":"operationEditable","type":{"packageName":"java.lang","className":"Boolean","fqn":"java.lang.Boolean","label":"Boolean"},"mappingType":"DATATYPE","readOnly":false,"column":"operationEditable","mandatory":false,"unique":false,"length":"255","transient":false},{"name":"operationCaptionVisible","type":{"packageName":"java.lang","className":"Boolean","fqn":"java.lang.Boolean","label":"Boolean"},"mappingType":"DATATYPE","readOnly":false,"column":"operationCaptionVisible","mandatory":false,"unique":false,"length":"255","transient":false}]},{"name":"ui_FilterConfiguration","className":"FilterConfiguration","packageName":"io.jmix.uidata.entity","dataStore":"main","table":"UI_FILTER_CONFIGURATION","embeddable":false,"persistentEntity":true,"replaceParent":false,"systemLevel":true,"mappedSuperclass":false,"fqn":"io.jmix.uidata.entity.FilterConfiguration","idAttributeName":"id","attributes":[{"name":"id","type":{"packageName":"java.util","className":"UUID","fqn":"java.util.UUID","label":"UUID"},"mappingType":"DATATYPE","readOnly":false,"column":"ID","mandatory":true,"unique":false,"length":"255","transient":false,"traitAttribute":"uuid"},{"name":"componentId","type":{"packageName":"java.lang","className":"String","fqn":"java.lang.String","label":"String"},"mappingType":"DATATYPE","readOnly":false,"column":"COMPONENT_ID","mandatory":true,"unique":false,"length":"255","transient":false},{"name":"configurationId","type":{"packageName":"java.lang","className":"String","fqn":"java.lang.String","label":"String"},"mappingType":"DATATYPE","readOnly":false,"column":"CONFIGURATION_ID","mandatory":true,"unique":false,"length":"255","transient":false},{"name":"name","type":{"packageName":"java.lang","className":"String","fqn":"java.lang.String","label":"String"},"mappingType":"DATATYPE","readOnly":false,"column":"NAME","mandatory":false,"unique":false,"length":"255","transient":false},{"name":"username","type":{"packageName":"java.lang","className":"String","fqn":"java.lang.String","label":"String"},"mappingType":"DATATYPE","readOnly":false,"column":"USERNAME","mandatory":false,"unique":false,"length":"255","transient":false},{"name":"defaultForAll","type":{"packageName":"java.lang","className":"Boolean","fqn":"java.lang.Boolean","label":"Boolean"},"mappingType":"DATATYPE","readOnly":false,"column":"DEFAULT_FOR_ALL","mandatory":false,"unique":false,"length":"255","transient":false},{"name":"rootCondition","type":{"packageName":"io.jmix.ui.entity","className":"LogicalFilterCondition","fqn":"io.jmix.ui.entity.LogicalFilterCondition","label":"LogicalFilterCondition","entityName":"ui_LogicalFilterCondition"},"mappingType":"ASSOCIATION","readOnly":false,"column":"ROOT_CONDITION","mandatory":false,"unique":false,"transient":false},{"name":"sysTenantId","type":{"packageName":"java.lang","className":"String","fqn":"java.lang.String","label":"String"},"mappingType":"DATATYPE","readOnly":false,"column":"SYS_TENANT_ID","mandatory":false,"unique":false,"length":"255","transient":false},{"name":"defaultForMe","type":{"packageName":"java.lang","className":"Boolean","fqn":"java.lang.Boolean","label":"Boolean"},"mappingType":"DATATYPE","cardinality":"ONE_TO_ONE","readOnly":false,"mandatory":false,"unique":false,"transient":true}]},{"name":"ui_Setting","className":"UiSetting","packageName":"io.jmix.uidata.entity","dataStore":"main","table":"UI_SETTING","embeddable":false,"persistentEntity":true,"replaceParent":false,"systemLevel":true,"mappedSuperclass":false,"fqn":"io.jmix.uidata.entity.UiSetting","idAttributeName":"id","attributes":[{"name":"id","type":{"packageName":"java.util","className":"UUID","fqn":"java.util.UUID","label":"UUID"},"mappingType":"DATATYPE","readOnly":false,"column":"ID","mandatory":true,"unique":false,"length":"255","transient":false,"traitAttribute":"uuid"},{"name":"createTs","type":{"packageName":"java.util","className":"Date","fqn":"java.util.Date","label":"Date"},"mappingType":"DATATYPE","readOnly":false,"column":"CREATE_TS","mandatory":false,"unique":false,"length":"255","transient":false,"traitAttribute":"createdDate"},{"name":"createdBy","type":{"packageName":"java.lang","className":"String","fqn":"java.lang.String","label":"String"},"mappingType":"DATATYPE","readOnly":false,"column":"CREATED_BY","mandatory":false,"unique":false,"length":"50","transient":false,"traitAttribute":"createdBy"},{"name":"username","type":{"packageName":"java.lang","className":"String","fqn":"java.lang.String","label":"String"},"mappingType":"DATATYPE","readOnly":false,"column":"USERNAME","mandatory":false,"unique":false,"length":"255","transient":false},{"name":"name","type":{"packageName":"java.lang","className":"String","fqn":"java.lang.String","label":"String"},"mappingType":"DATATYPE","readOnly":false,"column":"NAME","mandatory":false,"unique":false,"length":"255","transient":false},{"name":"value","type":{"packageName":"java.lang","className":"String","fqn":"java.lang.String","label":"String"},"mappingType":"DATATYPE","readOnly":false,"column":"VALUE_","mandatory":false,"unique":false,"transient":false}]},{"name":"ui_TablePresentation","className":"UiTablePresentation","packageName":"io.jmix.uidata.entity","dataStore":"main","table":"UI_TABLE_PRESENTATION","embeddable":false,"persistentEntity":true,"replaceParent":false,"systemLevel":true,"mappedSuperclass":false,"fqn":"io.jmix.uidata.entity.UiTablePresentation","idAttributeName":"id","attributes":[{"name":"id","type":{"packageName":"java.util","className":"UUID","fqn":"java.util.UUID","label":"UUID"},"mappingType":"DATATYPE","readOnly":false,"column":"ID","mandatory":true,"unique":false,"length":"255","transient":false,"traitAttribute":"uuid"},{"name":"createTs","type":{"packageName":"java.util","className":"Date","fqn":"java.util.Date","label":"Date"},"mappingType":"DATATYPE","readOnly":false,"column":"CREATE_TS","mandatory":false,"unique":false,"length":"255","transient":false,"traitAttribute":"createdDate"},{"name":"createdBy","type":{"packageName":"java.lang","className":"String","fqn":"java.lang.String","label":"String"},"mappingType":"DATATYPE","readOnly":false,"column":"CREATED_BY","mandatory":false,"unique":false,"length":"50","transient":false,"traitAttribute":"createdBy"},{"name":"componentId","type":{"packageName":"java.lang","className":"String","fqn":"java.lang.String","label":"String"},"mappingType":"DATATYPE","readOnly":false,"column":"COMPONENT","mandatory":false,"unique":false,"length":"255","transient":false},{"name":"name","type":{"packageName":"java.lang","className":"String","fqn":"java.lang.String","label":"String"},"mappingType":"DATATYPE","readOnly":false,"column":"NAME","mandatory":false,"unique":false,"length":"255","transient":false},{"name":"settings","type":{"packageName":"java.lang","className":"String","fqn":"java.lang.String","label":"String"},"mappingType":"DATATYPE","readOnly":false,"column":"SETTINGS","mandatory":false,"unique":false,"length":"4000","transient":false},{"name":"username","type":{"packageName":"java.lang","className":"String","fqn":"java.lang.String","label":"String"},"mappingType":"DATATYPE","readOnly":false,"column":"USERNAME","mandatory":false,"unique":false,"length":"255","transient":false},{"name":"autoSave","type":{"packageName":"java.lang","className":"Boolean","fqn":"java.lang.Boolean","label":"Boolean"},"mappingType":"DATATYPE","readOnly":false,"column":"IS_AUTO_SAVE","mandatory":false,"unique":false,"length":"255","transient":false},{"name":"isDefault","type":{"packageName":"java.lang","className":"Boolean","fqn":"java.lang.Boolean","label":"Boolean"},"mappingType":"DATATYPE","readOnly":false,"column":"IS_DEFAULT","mandatory":false,"unique":false,"length":"255","transient":false},{"name":"updateTs","type":{"packageName":"java.util","className":"Date","fqn":"java.util.Date","label":"Date"},"mappingType":"DATATYPE","readOnly":false,"column":"UPDATE_TS","mandatory":false,"unique":false,"length":"255","transient":false,"traitAttribute":"lastModifiedDate"},{"name":"updatedBy","type":{"packageName":"java.lang","className":"String","fqn":"java.lang.String","label":"String"},"mappingType":"DATATYPE","readOnly":false,"column":"UPDATED_BY","mandatory":false,"unique":false,"length":"50","transient":false,"traitAttribute":"lastModifiedBy"},{"name":"sysTenantId","type":{"packageName":"java.lang","className":"String","fqn":"java.lang.String","label":"String"},"mappingType":"DATATYPE","readOnly":false,"column":"SYS_TENANT_ID","mandatory":false,"unique":false,"length":"255","transient":false}]}],"views":[{"name":"_base","entity":"Car","classFqn":"com.company.cars.entity.Car","overwrite":false,"systemProperties":false,"properties":[{"name":"description","lazy":false},{"name":"regNumber","lazy":false},{"name":"price","lazy":false}],"allProperties":[{"name":"description","lazy":false},{"name":"regNumber","lazy":false},{"name":"price","lazy":false}]},{"name":"_instance_name","entity":"Car","classFqn":"com.company.cars.entity.Car","overwrite":false,"systemProperties":false,"properties":[{"name":"description","lazy":false}],"allProperties":[{"name":"description","lazy":false}]},{"name":"_local","entity":"Car","classFqn":"com.company.cars.entity.Car","overwrite":false,"systemProperties":false,"properties":[{"name":"description","lazy":false},{"name":"regNumber","lazy":false},{"name":"price","lazy":false}],"allProperties":[{"name":"description","lazy":false},{"name":"regNumber","lazy":false},{"name":"price","lazy":false}]},{"name":"_base","entity":"Model","classFqn":"com.company.cars.entity.Model","overwrite":false,"systemProperties":false,"properties":[{"name":"name","lazy":false},{"name":"releaseYear","lazy":false}],"allProperties":[{"name":"name","lazy":false},{"name":"releaseYear","lazy":false}]},{"name":"_instance_name","entity":"Model","classFqn":"com.company.cars.entity.Model","overwrite":false,"systemProperties":false,"properties":[{"name":"name","lazy":false}],"allProperties":[{"name":"name","lazy":false}]},{"name":"_local","entity":"Model","classFqn":"com.company.cars.entity.Model","overwrite":false,"systemProperties":false,"properties":[{"name":"name","lazy":false},{"name":"releaseYear","lazy":false}],"allProperties":[{"name":"name","lazy":false},{"name":"releaseYear","lazy":false}]},{"name":"_base","entity":"User","classFqn":"com.company.cars.entity.User","overwrite":false,"systemProperties":false,"properties":[{"name":"firstName","lazy":false},{"name":"lastName","lazy":false},{"name":"username","lazy":false},{"name":"version","lazy":false},{"name":"password","lazy":false},{"name":"email","lazy":false},{"name":"active","lazy":false},{"name":"timeZoneId","lazy":false}],"allProperties":[{"name":"firstName","lazy":false},{"name":"lastName","lazy":false},{"name":"username","lazy":false},{"name":"version","lazy":false},{"name":"password","lazy":false},{"name":"email","lazy":false},{"name":"active","lazy":false},{"name":"timeZoneId","lazy":false}]},{"name":"_instance_name","entity":"User","classFqn":"com.company.cars.entity.User","overwrite":false,"systemProperties":false,"properties":[{"name":"firstName","lazy":false},{"name":"lastName","lazy":false},{"name":"username","lazy":false}],"allProperties":[{"name":"firstName","lazy":false},{"name":"lastName","lazy":false},{"name":"username","lazy":false}]},{"name":"_local","entity":"User","classFqn":"com.company.cars.entity.User","overwrite":false,"systemProperties":false,"properties":[{"name":"version","lazy":false},{"name":"username","lazy":false},{"name":"password","lazy":false},{"name":"firstName","lazy":false},{"name":"lastName","lazy":false},{"name":"email","lazy":false},{"name":"active","lazy":false},{"name":"timeZoneId","lazy":false}],"allProperties":[{"name":"version","lazy":false},{"name":"username","lazy":false},{"name":"password","lazy":false},{"name":"firstName","lazy":false},{"name":"lastName","lazy":false},{"name":"email","lazy":false},{"name":"active","lazy":false},{"name":"timeZoneId","lazy":false}]}],"restQueries":[],"restServices":[]}